{"Version":1,"ManifestType":"Publish","Endpoints":[{"Route":"favicon.ico","AssetFile":"favicon.ico","Selectors":[],"ResponseHeaders":[{"Name":"Accept-Ranges","Value":"bytes"},{"Name":"Cache-Control","Value":"no-cache"},{"Name":"Content-Length","Value":"15086"},{"Name":"Content-Type","Value":"image/x-icon"},{"Name":"ETag","Value":"\"+RAr6AKXwFKSB2B75Sd7T5C8qJ1lmI+hdxuRx4lOgV8=\""},{"Name":"Last-Modified","Value":"Wed, 21 May 2025 17:39:23 GMT"}],"EndpointProperties":[{"Name":"integrity","Value":"sha256-+RAr6AKXwFKSB2B75Sd7T5C8qJ1lmI+hdxuRx4lOgV8="}]},{"Route":"index.html","AssetFile":"index.html","Selectors":[],"ResponseHeaders":[{"Name":"Accept-Ranges","Value":"bytes"},{"Name":"Cache-Control","Value":"no-cache"},{"Name":"Content-Length","Value":"520"},{"Name":"Content-Type","Value":"text/html"},{"Name":"ETag","Value":"\"fEPZR9fxMT9b6BaqUhscVcyiZDxExESgaoqyQQFn7q4=\""},{"Name":"Last-Modified","Value":"Thu, 22 May 2025 15:34:42 GMT"}],"EndpointProperties":[{"Name":"integrity","Value":"sha256-fEPZR9fxMT9b6BaqUhscVcyiZDxExESgaoqyQQFn7q4="}]},{"Route":"main-CZKBOJDK.js","AssetFile":"main-CZKBOJDK.js","Selectors":[],"ResponseHeaders":[{"Name":"Accept-Ranges","Value":"bytes"},{"Name":"Cache-Control","Value":"no-cache"},{"Name":"Content-Length","Value":"250987"},{"Name":"Content-Type","Value":"text/javascript"},{"Name":"ETag","Value":"\"ndmtr9rX9jgr/eybidVyo8+ObOOKcGMUL6EPz3tQKMQ=\""},{"Name":"Last-Modified","Value":"Thu, 22 May 2025 15:34:42 GMT"}],"EndpointProperties":[{"Name":"integrity","Value":"sha256-ndmtr9rX9jgr/eybidVyo8+ObOOKcGMUL6EPz3tQKMQ="}]},{"Route":"polyfills-FFHMD2TL.js","AssetFile":"polyfills-FFHMD2TL.js","Selectors":[],"ResponseHeaders":[{"Name":"Accept-Ranges","Value":"bytes"},{"Name":"Cache-Control","Value":"no-cache"},{"Name":"Content-Length","Value":"34519"},{"Name":"Content-Type","Value":"text/javascript"},{"Name":"ETag","Value":"\"adzqBFZD3Q3pmKPNDMu7RrRr/yZRqHpWxzwo6yCOj5g=\""},{"Name":"Last-Modified","Value":"Thu, 22 May 2025 15:34:42 GMT"}],"EndpointProperties":[{"Name":"integrity","Value":"sha256-adzqBFZD3Q3pmKPNDMu7RrRr/yZRqHpWxzwo6yCOj5g="}]},{"Route":"styles-5INURTSO.css","AssetFile":"styles-5INURTSO.css","Selectors":[],"ResponseHeaders":[{"Name":"Accept-Ranges","Value":"bytes"},{"Name":"Cache-Control","Value":"no-cache"},{"Name":"Content-Length","Value":"0"},{"Name":"Content-Type","Value":"text/css"},{"Name":"ETag","Value":"\"47DEQpj8HBSa+/TImW+5JCeuQeRkm5NMpJWZG3hSuFU=\""},{"Name":"Last-Modified","Value":"Thu, 22 May 2025 15:34:42 GMT"}],"EndpointProperties":[{"Name":"integrity","Value":"sha256-47DEQpj8HBSa+/TImW+5JCeuQeRkm5NMpJWZG3hSuFU="}]}]}